{
    "Position": {
        "x": 19.361961364746095,
        "y": -4.231378078460693,
        "z": 0.0
    },
    "Health": 100.0
}