{
    "Position": {
        "x": -14.491098403930664,
        "y": 5.988999366760254,
        "z": 0.0
    },
    "Health": 30.0
}