{
    "Position": {
        "x": -4.80848503112793,
        "y": 2.6812095642089845,
        "z": 0.0
    },
    "Health": 90.0,
    "BulletCount": 35
}