{
    "Position": {
        "x": -2.0493528842926027,
        "y": 5.833345413208008,
        "z": 0.0
    },
    "Health": 65.0
}